[   {      "product":"<div class=\"prd prd--style2 prd-labels--max prd-labels-shadow \"><div class=\"prd-inside\"><div class=\"prd-img-area\"><a href=\"product.html\" class=\"prd-img image-hover-scale image-container\" style=\"padding-bottom: 128.48%\"><img data-src=\"images/skins/fishing/products/product-01-1.webp\" alt=\"Telescopic Fishing Rod and Reed\" class=\"js-prd-img lazyload fade-up\"><div class=\"foxic-loader\"></div><div class=\"prd-big-circle-labels\"><div class=\"label-sale\"><span>-10% <span class=\"sale-text\">Sale</span></span><div class=\"countdown-circle\"><div class=\"countdown js-countdown\" data-countdown=\"2020/05/31\"></div></div></div></div></a><div class=\"prd-circle-labels\"><a href=\"#\" class=\"circle-label-compare circle-label-wishlist--add js-add-wishlist mt-0\" title=\"Add To Wishlist\"><i class=\"icon-heart-stroke\"></i></a><a href=\"#\" class=\"circle-label-compare circle-label-wishlist--off js-remove-wishlist mt-0\" title=\"Remove From Wishlist\"><i class=\"icon-heart-hover\"></i></a> <a href=\"#\" class=\"circle-label-qview js-prd-quickview prd-hide-mobile\" data-src=\"ajax/ajax-quickview.html\"><i class=\"icon-eye\"></i><span>QUICK VIEW</span></a></div></div><div class=\"prd-info\"><div class=\"prd-info-wrap\"><div class=\"prd-info-top\"><div class=\"prd-rating\"><i class=\"icon-star-fill fill\"></i><i class=\"icon-star-fill fill\"></i><i class=\"icon-star-fill fill\"></i><i class=\"icon-star-fill fill\"></i><i class=\"icon-star-fill fill\"></i></div><div class=\"prd-tag\"><a href=\"#\">FOXic</a></div></div><div class=\"prd-rating justify-content-center\"><i class=\"icon-star-fill fill\"></i><i class=\"icon-star-fill fill\"></i><i class=\"icon-star-fill fill\"></i><i class=\"icon-star-fill fill\"></i><i class=\"icon-star-fill fill\"></i></div><div class=\"prd-tag\"><a href=\"#\">FOXic</a></div><h2 class=\"prd-title\"><a href=\"product.html\">Telescopic Fishing Rod and Reed</a></h2><div class=\"prd-description\">Quisque volutpat condimentum velit. Class aptent taciti sociosqu ad litora torquent per conubia nostra, per inceptos himenaeos. Nam nec ante. Sed lacinia, urna non tincidunt mattis, tortor neque adipiscing diam, a cursus ipsum ante quis turpis. Nulla facilisi.</div></div><div class=\"prd-hovers\"><div class=\"prd-circle-labels\"><div><a href=\"#\" class=\"circle-label-compare circle-label-wishlist--add js-add-wishlist mt-0\" title=\"Add To Wishlist\"><i class=\"icon-heart-stroke\"></i></a><a href=\"#\" class=\"circle-label-compare circle-label-wishlist--off js-remove-wishlist mt-0\" title=\"Remove From Wishlist\"><i class=\"icon-heart-hover\"></i></a> </div><div><a href=\"#\" class=\"circle-label-qview prd-hide-mobile js-prd-quickview\" data-src=\"ajax/ajax-quickview.html\"><i class=\"icon-eye\"></i><span>QUICK VIEW</span></a></div></div><div class=\"prd-price\"><div class=\"price-old\">$ 200</div><div class=\"price-new\">$ 180</div></div><div class=\"prd-action\"><div class=\"prd-action-left\"><form action=\"#\"><button class=\"btn js-prd-addtocart\" data-product='{\"name\":\"Telescopic Fishing Rod and Reed\",\"path\":\"images/skins/fishing/products/product-01-1.webp\",\"url\":\"product.html\",\"aspect_ratio\":0.778}'>Add To Cart</button></form></div></div></div></div></div></div>"   },   {      "product":"<div class=\"prd prd--style2 prd-labels--max prd-labels-shadow \"><div class=\"prd-inside\"><div class=\"prd-img-area\"><a href=\"product.html\" class=\"prd-img image-hover-scale image-container\" style=\"padding-bottom: 128.48%\"><img data-src=\"images/skins/fishing/products/product-02-1.webp\" alt=\"Thill Floats Pro Slip Floats\" class=\"js-prd-img lazyload fade-up\"><div class=\"foxic-loader\"></div><div class=\"prd-big-circle-labels\"><div class=\"label-new\"><span>New</span></div></div></a><div class=\"prd-circle-labels\"><a href=\"#\" class=\"circle-label-compare circle-label-wishlist--add js-add-wishlist mt-0\" title=\"Add To Wishlist\"><i class=\"icon-heart-stroke\"></i></a><a href=\"#\" class=\"circle-label-compare circle-label-wishlist--off js-remove-wishlist mt-0\" title=\"Remove From Wishlist\"><i class=\"icon-heart-hover\"></i></a> <a href=\"#\" class=\"circle-label-qview js-prd-quickview prd-hide-mobile\" data-src=\"ajax/ajax-quickview.html\"><i class=\"icon-eye\"></i><span>QUICK VIEW</span></a></div></div><div class=\"prd-info\"><div class=\"prd-info-wrap\"><div class=\"prd-info-top\"><div class=\"prd-rating\"><i class=\"icon-star-fill fill\"></i><i class=\"icon-star-fill fill\"></i><i class=\"icon-star-fill fill\"></i><i class=\"icon-star-fill fill\"></i><i class=\"icon-star-fill fill\"></i></div><div class=\"prd-tag\"><a href=\"#\">FOXic</a></div></div><div class=\"prd-rating justify-content-center\"><i class=\"icon-star-fill fill\"></i><i class=\"icon-star-fill fill\"></i><i class=\"icon-star-fill fill\"></i><i class=\"icon-star-fill fill\"></i><i class=\"icon-star-fill fill\"></i></div><div class=\"prd-tag\"><a href=\"#\">FOXic</a></div><h2 class=\"prd-title\"><a href=\"product.html\">Thill Floats Pro Slip Floats</a></h2><div class=\"prd-description\">Quisque volutpat condimentum velit. Class aptent taciti sociosqu ad litora torquent per conubia nostra, per inceptos himenaeos. Nam nec ante. Sed lacinia, urna non tincidunt mattis, tortor neque adipiscing diam, a cursus ipsum ante quis turpis. Nulla facilisi.</div></div><div class=\"prd-hovers\"><div class=\"prd-circle-labels\"><div><a href=\"#\" class=\"circle-label-compare circle-label-wishlist--add js-add-wishlist mt-0\" title=\"Add To Wishlist\"><i class=\"icon-heart-stroke\"></i></a><a href=\"#\" class=\"circle-label-compare circle-label-wishlist--off js-remove-wishlist mt-0\" title=\"Remove From Wishlist\"><i class=\"icon-heart-hover\"></i></a> </div><div><a href=\"#\" class=\"circle-label-qview prd-hide-mobile js-prd-quickview\" data-src=\"ajax/ajax-quickview.html\"><i class=\"icon-eye\"></i><span>QUICK VIEW</span></a></div></div><div class=\"prd-price\"><div class=\"price-new\">$ 180</div></div><div class=\"prd-action\"><div class=\"prd-action-left\"><form action=\"#\"><button class=\"btn js-prd-addtocart\" data-product='{\"name\":\"Thill Floats Pro Slip Floats\",\"path\":\"images/skins/fishing/products/product-02-1.webp\",\"url\":\"product.html\",\"aspect_ratio\":0.778}'>Add To Cart</button></form></div></div></div></div></div></div>"   },   {      "product":"<div class=\"prd prd--style2 prd-labels--max prd-labels-shadow \"><div class=\"prd-inside\"><div class=\"prd-img-area\"><a href=\"product.html\" class=\"prd-img image-hover-scale image-container\" style=\"padding-bottom: 128.48%\"><img data-src=\"images/skins/fishing/products/product-03-1.webp\" alt=\"Eagle Claw 2X Treble Hook\" class=\"js-prd-img lazyload fade-up\"><div class=\"foxic-loader\"></div><div class=\"prd-big-circle-labels\"></div></a><div class=\"prd-circle-labels\"><a href=\"#\" class=\"circle-label-compare circle-label-wishlist--add js-add-wishlist mt-0\" title=\"Add To Wishlist\"><i class=\"icon-heart-stroke\"></i></a><a href=\"#\" class=\"circle-label-compare circle-label-wishlist--off js-remove-wishlist mt-0\" title=\"Remove From Wishlist\"><i class=\"icon-heart-hover\"></i></a> <a href=\"#\" class=\"circle-label-qview js-prd-quickview prd-hide-mobile\" data-src=\"ajax/ajax-quickview.html\"><i class=\"icon-eye\"></i><span>QUICK VIEW</span></a></div></div><div class=\"prd-info\"><div class=\"prd-info-wrap\"><div class=\"prd-info-top\"><div class=\"prd-rating\"><i class=\"icon-star-fill fill\"></i><i class=\"icon-star-fill fill\"></i><i class=\"icon-star-fill fill\"></i><i class=\"icon-star-fill fill\"></i><i class=\"icon-star-fill fill\"></i></div><div class=\"prd-tag\"><a href=\"#\">FOXic</a></div></div><div class=\"prd-rating justify-content-center\"><i class=\"icon-star-fill fill\"></i><i class=\"icon-star-fill fill\"></i><i class=\"icon-star-fill fill\"></i><i class=\"icon-star-fill fill\"></i><i class=\"icon-star-fill fill\"></i></div><div class=\"prd-tag\"><a href=\"#\">FOXic</a></div><h2 class=\"prd-title\"><a href=\"product.html\">Eagle Claw 2X Treble Hook</a></h2><div class=\"prd-description\">Quisque volutpat condimentum velit. Class aptent taciti sociosqu ad litora torquent per conubia nostra, per inceptos himenaeos. Nam nec ante. Sed lacinia, urna non tincidunt mattis, tortor neque adipiscing diam, a cursus ipsum ante quis turpis. Nulla facilisi.</div></div><div class=\"prd-hovers\"><div class=\"prd-circle-labels\"><div><a href=\"#\" class=\"circle-label-compare circle-label-wishlist--add js-add-wishlist mt-0\" title=\"Add To Wishlist\"><i class=\"icon-heart-stroke\"></i></a><a href=\"#\" class=\"circle-label-compare circle-label-wishlist--off js-remove-wishlist mt-0\" title=\"Remove From Wishlist\"><i class=\"icon-heart-hover\"></i></a> </div><div><a href=\"#\" class=\"circle-label-qview prd-hide-mobile js-prd-quickview\" data-src=\"ajax/ajax-quickview.html\"><i class=\"icon-eye\"></i><span>QUICK VIEW</span></a></div></div><div class=\"prd-price\"><div class=\"price-new\">$ 180</div></div><div class=\"prd-action\"><div class=\"prd-action-left\"><form action=\"#\"><button class=\"btn js-prd-addtocart\" data-product='{\"name\":\"Eagle Claw 2X Treble Hook\",\"path\":\"images/skins/fishing/products/product-03-1.webp\",\"url\":\"product.html\",\"aspect_ratio\":0.778}'>Add To Cart</button></form></div></div></div></div></div></div>"   },   {      "product":"<div class=\"prd prd--style2 prd-labels--max prd-labels-shadow \"><div class=\"prd-inside\"><div class=\"prd-img-area\"><a href=\"product.html\" class=\"prd-img image-hover-scale image-container\" style=\"padding-bottom: 128.48%\"><img data-src=\"images/skins/fishing/products/product-04-1.webp\" alt=\"Low Profile Baitcasting Reel\" class=\"js-prd-img lazyload fade-up\"><div class=\"foxic-loader\"></div><div class=\"prd-big-circle-labels\"><div class=\"label-sale\"><span>-50% <span class=\"sale-text\">Sale</span></span></div></div></a><div class=\"prd-circle-labels\"><a href=\"#\" class=\"circle-label-compare circle-label-wishlist--add js-add-wishlist mt-0\" title=\"Add To Wishlist\"><i class=\"icon-heart-stroke\"></i></a><a href=\"#\" class=\"circle-label-compare circle-label-wishlist--off js-remove-wishlist mt-0\" title=\"Remove From Wishlist\"><i class=\"icon-heart-hover\"></i></a> <a href=\"#\" class=\"circle-label-qview js-prd-quickview prd-hide-mobile\" data-src=\"ajax/ajax-quickview.html\"><i class=\"icon-eye\"></i><span>QUICK VIEW</span></a></div></div><div class=\"prd-info\"><div class=\"prd-info-wrap\"><div class=\"prd-info-top\"><div class=\"prd-rating\"><i class=\"icon-star-fill fill\"></i><i class=\"icon-star-fill fill\"></i><i class=\"icon-star-fill fill\"></i><i class=\"icon-star-fill fill\"></i><i class=\"icon-star-fill fill\"></i></div><div class=\"prd-tag\"><a href=\"#\">FOXic</a></div></div><div class=\"prd-rating justify-content-center\"><i class=\"icon-star-fill fill\"></i><i class=\"icon-star-fill fill\"></i><i class=\"icon-star-fill fill\"></i><i class=\"icon-star-fill fill\"></i><i class=\"icon-star-fill fill\"></i></div><div class=\"prd-tag\"><a href=\"#\">FOXic</a></div><h2 class=\"prd-title\"><a href=\"product.html\">Low Profile Baitcasting Reel</a></h2><div class=\"prd-description\">Quisque volutpat condimentum velit. Class aptent taciti sociosqu ad litora torquent per conubia nostra, per inceptos himenaeos. Nam nec ante. Sed lacinia, urna non tincidunt mattis, tortor neque adipiscing diam, a cursus ipsum ante quis turpis. Nulla facilisi.</div></div><div class=\"prd-hovers\"><div class=\"prd-circle-labels\"><div><a href=\"#\" class=\"circle-label-compare circle-label-wishlist--add js-add-wishlist mt-0\" title=\"Add To Wishlist\"><i class=\"icon-heart-stroke\"></i></a><a href=\"#\" class=\"circle-label-compare circle-label-wishlist--off js-remove-wishlist mt-0\" title=\"Remove From Wishlist\"><i class=\"icon-heart-hover\"></i></a> </div><div><a href=\"#\" class=\"circle-label-qview prd-hide-mobile js-prd-quickview\" data-src=\"ajax/ajax-quickview.html\"><i class=\"icon-eye\"></i><span>QUICK VIEW</span></a></div></div><div class=\"prd-price\"><div class=\"price-old\">$ 149</div><div class=\"price-new\">$ 299</div></div><div class=\"prd-action\"><div class=\"prd-action-left\"><form action=\"#\"><button class=\"btn js-prd-addtocart\" data-product='{\"name\":\"Low Profile Baitcasting Reel\",\"path\":\"images/skins/fishing/products/product-04-1.webp\",\"url\":\"product.html\",\"aspect_ratio\":0.778}'>Add To Cart</button></form></div></div></div></div></div></div>"   },   {      "product":"<div class=\"prd prd--style2 prd-labels--max prd-labels-shadow \"><div class=\"prd-inside\"><div class=\"prd-img-area\"><a href=\"product.html\" class=\"prd-img image-hover-scale image-container\" style=\"padding-bottom: 128.48%\"><img data-src=\"images/skins/fishing/products/product-05-1.webp\" alt=\"Fishing Night Float Ball\" class=\"js-prd-img lazyload fade-up\"><div class=\"foxic-loader\"></div><div class=\"prd-big-circle-labels\"></div></a><div class=\"prd-circle-labels\"><a href=\"#\" class=\"circle-label-compare circle-label-wishlist--add js-add-wishlist mt-0\" title=\"Add To Wishlist\"><i class=\"icon-heart-stroke\"></i></a><a href=\"#\" class=\"circle-label-compare circle-label-wishlist--off js-remove-wishlist mt-0\" title=\"Remove From Wishlist\"><i class=\"icon-heart-hover\"></i></a> <a href=\"#\" class=\"circle-label-qview js-prd-quickview prd-hide-mobile\" data-src=\"ajax/ajax-quickview.html\"><i class=\"icon-eye\"></i><span>QUICK VIEW</span></a></div></div><div class=\"prd-info\"><div class=\"prd-info-wrap\"><div class=\"prd-info-top\"><div class=\"prd-rating\"><i class=\"icon-star-fill fill\"></i><i class=\"icon-star-fill fill\"></i><i class=\"icon-star-fill fill\"></i><i class=\"icon-star-fill fill\"></i><i class=\"icon-star-fill fill\"></i></div><div class=\"prd-tag\"><a href=\"#\">FOXic</a></div></div><div class=\"prd-rating justify-content-center\"><i class=\"icon-star-fill fill\"></i><i class=\"icon-star-fill fill\"></i><i class=\"icon-star-fill fill\"></i><i class=\"icon-star-fill fill\"></i><i class=\"icon-star-fill fill\"></i></div><div class=\"prd-tag\"><a href=\"#\">FOXic</a></div><h2 class=\"prd-title\"><a href=\"product.html\">Fishing Night Float Ball</a></h2><div class=\"prd-description\">Quisque volutpat condimentum velit. Class aptent taciti sociosqu ad litora torquent per conubia nostra, per inceptos himenaeos. Nam nec ante. Sed lacinia, urna non tincidunt mattis, tortor neque adipiscing diam, a cursus ipsum ante quis turpis. Nulla facilisi.</div></div><div class=\"prd-hovers\"><div class=\"prd-circle-labels\"><div><a href=\"#\" class=\"circle-label-compare circle-label-wishlist--add js-add-wishlist mt-0\" title=\"Add To Wishlist\"><i class=\"icon-heart-stroke\"></i></a><a href=\"#\" class=\"circle-label-compare circle-label-wishlist--off js-remove-wishlist mt-0\" title=\"Remove From Wishlist\"><i class=\"icon-heart-hover\"></i></a> </div><div><a href=\"#\" class=\"circle-label-qview prd-hide-mobile js-prd-quickview\" data-src=\"ajax/ajax-quickview.html\"><i class=\"icon-eye\"></i><span>QUICK VIEW</span></a></div></div><div class=\"prd-price\"><div class=\"price-new\">$ 280</div></div><div class=\"prd-action\"><div class=\"prd-action-left\"><form action=\"#\"><button class=\"btn js-prd-addtocart\" data-product='{\"name\":\"Fishing Night Float Ball\",\"path\":\"images/skins/fishing/products/product-05-1.webp\",\"url\":\"product.html\",\"aspect_ratio\":0.778}'>Add To Cart</button></form></div></div></div></div></div></div>"   }]