[   {      "product":"<div class=\"prd prd--style2 prd-labels--max prd-labels-shadow \"><div class=\"prd-inside\"><div class=\"prd-img-area\"><a href=\"product.html\" class=\"prd-img image-hover-scale image-container\" style=\"padding-bottom: 128.48%\"><img data-src=\"images/skins/food/products/product-01-1.webp\" alt=\"Premium Red Tomatoes\" class=\"js-prd-img lazyload fade-up\"><img data-src=\"images/skins/food/products/product-012.webp\" alt=\"Premium Red Tomatoes\" class=\"js-prd-img lazyload fade-up\"><div class=\"foxic-loader\"></div><div class=\"prd-big-circle-labels\"><div class=\"label-sale\"><span>-10% <span class=\"sale-text\">Sale</span></span><div class=\"countdown-circle\"><div class=\"countdown js-countdown\" data-countdown=\"2020/05/31\"></div></div></div></div></a><div class=\"prd-circle-labels\"><a href=\"#\" class=\"circle-label-compare circle-label-wishlist--add js-add-wishlist mt-0\" title=\"Add To Wishlist\"><i class=\"icon-heart-stroke\"></i></a><a href=\"#\" class=\"circle-label-compare circle-label-wishlist--off js-remove-wishlist mt-0\" title=\"Remove From Wishlist\"><i class=\"icon-heart-hover\"></i></a> <a href=\"#\" class=\"circle-label-qview js-prd-quickview prd-hide-mobile\" data-src=\"ajax/ajax-quickview.html\"><i class=\"icon-eye\"></i><span>QUICK VIEW</span></a></div></div><div class=\"prd-info\"><div class=\"prd-info-wrap\"><div class=\"prd-info-top\"><div class=\"prd-rating\"><i class=\"icon-star-fill fill\"></i><i class=\"icon-star-fill fill\"></i><i class=\"icon-star-fill fill\"></i><i class=\"icon-star-fill fill\"></i><i class=\"icon-star-fill fill\"></i></div><div class=\"prd-tag\"><a href=\"#\">FOXic</a></div></div><div class=\"prd-rating justify-content-center\"><i class=\"icon-star-fill fill\"></i><i class=\"icon-star-fill fill\"></i><i class=\"icon-star-fill fill\"></i><i class=\"icon-star-fill fill\"></i><i class=\"icon-star-fill fill\"></i></div><div class=\"prd-tag\"><a href=\"#\">FOXic</a></div><h2 class=\"prd-title\"><a href=\"product.html\">Premium Red Tomatoes</a></h2><div class=\"prd-description\">Quisque volutpat condimentum velit. Class aptent taciti sociosqu ad litora torquent per conubia nostra, per inceptos himenaeos. Nam nec ante. Sed lacinia, urna non tincidunt mattis, tortor neque adipiscing diam, a cursus ipsum ante quis turpis. Nulla facilisi.</div></div><div class=\"prd-hovers\"><div class=\"prd-circle-labels\"><div><a href=\"#\" class=\"circle-label-compare circle-label-wishlist--add js-add-wishlist mt-0\" title=\"Add To Wishlist\"><i class=\"icon-heart-stroke\"></i></a><a href=\"#\" class=\"circle-label-compare circle-label-wishlist--off js-remove-wishlist mt-0\" title=\"Remove From Wishlist\"><i class=\"icon-heart-hover\"></i></a> </div><div><a href=\"#\" class=\"circle-label-qview prd-hide-mobile js-prd-quickview\" data-src=\"ajax/ajax-quickview.html\"><i class=\"icon-eye\"></i><span>QUICK VIEW</span></a></div></div><div class=\"prd-price\"><div class=\"price-old\">$ 20</div><div class=\"price-new\">$ 18</div></div><div class=\"prd-action\"><div class=\"prd-action-left\"><form action=\"#\"><button class=\"btn js-prd-addtocart\" data-product='{\"name\":\"Premium Red Tomatoes\",\"path\":\"images/skins/food/products/product-01-1.webp\",\"url\":\"product.html\",\"aspect_ratio\":0.778}'>Add To Cart</button></form></div></div></div></div></div></div>"   },   {      "product":"<div class=\"prd prd--style2 prd-labels--max prd-labels-shadow \"><div class=\"prd-inside\"><div class=\"prd-img-area\"><a href=\"product.html\" class=\"prd-img image-hover-scale image-container\" style=\"padding-bottom: 128.48%\"><img data-src=\"images/skins/food/products/product-17-1.webp\" alt=\"Green Tomatoes\" class=\"js-prd-img lazyload fade-up\"><img data-src=\"images/skins/food/products/product-17-2.webp\" alt=\"Green Tomatoes\" class=\"js-prd-img lazyload fade-up\"><div class=\"foxic-loader\"></div><div class=\"prd-big-circle-labels\"></div></a><div class=\"prd-circle-labels\"><a href=\"#\" class=\"circle-label-compare circle-label-wishlist--add js-add-wishlist mt-0\" title=\"Add To Wishlist\"><i class=\"icon-heart-stroke\"></i></a><a href=\"#\" class=\"circle-label-compare circle-label-wishlist--off js-remove-wishlist mt-0\" title=\"Remove From Wishlist\"><i class=\"icon-heart-hover\"></i></a> <a href=\"#\" class=\"circle-label-qview js-prd-quickview prd-hide-mobile\" data-src=\"ajax/ajax-quickview.html\"><i class=\"icon-eye\"></i><span>QUICK VIEW</span></a></div></div><div class=\"prd-info\"><div class=\"prd-info-wrap\"><div class=\"prd-info-top\"><div class=\"prd-rating\"><i class=\"icon-star-fill fill\"></i><i class=\"icon-star-fill fill\"></i><i class=\"icon-star-fill fill\"></i><i class=\"icon-star-fill fill\"></i><i class=\"icon-star-fill fill\"></i></div><div class=\"prd-tag\"><a href=\"#\">FOXic</a></div></div><div class=\"prd-rating justify-content-center\"><i class=\"icon-star-fill fill\"></i><i class=\"icon-star-fill fill\"></i><i class=\"icon-star-fill fill\"></i><i class=\"icon-star-fill fill\"></i><i class=\"icon-star-fill fill\"></i></div><div class=\"prd-tag\"><a href=\"#\">FOXic</a></div><h2 class=\"prd-title\"><a href=\"product.html\">Green Tomatoes</a></h2><div class=\"prd-description\">Quisque volutpat condimentum velit. Class aptent taciti sociosqu ad litora torquent per conubia nostra, per inceptos himenaeos. Nam nec ante. Sed lacinia, urna non tincidunt mattis, tortor neque adipiscing diam, a cursus ipsum ante quis turpis. Nulla facilisi.</div></div><div class=\"prd-hovers\"><div class=\"prd-circle-labels\"><div><a href=\"#\" class=\"circle-label-compare circle-label-wishlist--add js-add-wishlist mt-0\" title=\"Add To Wishlist\"><i class=\"icon-heart-stroke\"></i></a><a href=\"#\" class=\"circle-label-compare circle-label-wishlist--off js-remove-wishlist mt-0\" title=\"Remove From Wishlist\"><i class=\"icon-heart-hover\"></i></a> </div><div><a href=\"#\" class=\"circle-label-qview prd-hide-mobile js-prd-quickview\" data-src=\"ajax/ajax-quickview.html\"><i class=\"icon-eye\"></i><span>QUICK VIEW</span></a></div></div><div class=\"prd-price\"><div class=\"price-new\">$ 24</div></div><div class=\"prd-action\"><div class=\"prd-action-left\"><form action=\"#\"><button class=\"btn js-prd-addtocart\" data-product='{\"name\":\"Green Tomatoes\",\"path\":\"images/skins/food/products/product-17-1.webp\",\"url\":\"product.html\",\"aspect_ratio\":0.778}'>Add To Cart</button></form></div></div></div></div></div></div>"   }]